gameid,url,price,currency,enabled,show_from
5620,https://www.usedgames.ca/vietnam-1965-1975.html?source=bgg,44.95,CAD,1,1
89478,https://www.usedgames.ca/imaginiff.html?source=bgg,14.95,CAD,1,1
2073,https://www.usedgames.ca/sixth-fleet.html?source=bgg,49.95,CAD,1,1
3712,https://www.usedgames.ca/tac-air.html?source=bgg,49.95,CAD,1,1
1681,https://www.usedgames.ca/tokyo-express.html?source=bgg,99.95,CAD,1,1
2407,https://www.usedgames.ca/sorry.html?source=bgg,9.95,CAD,1,1
32253,https://www.usedgames.ca/caveman.html?source=bgg,39.95,CAD,1,1
6676,https://www.usedgames.ca/sports-franchise.html?source=bgg,29.95,CAD,1,1
13,https://www.usedgames.ca/the-settlers-of-catan-board-game-200334291487-used.html?source=bgg,29.95,CAD,1,1
320,https://www.usedgames.ca/scrabble.html?source=bgg,14.95,CAD,1,1
69973,https://www.usedgames.ca/ticked-off.html?source=bgg,14.95,CAD,1,1
1295,https://www.usedgames.ca/pente.html?source=bgg,19.95,CAD,1,1
699,https://www.usedgames.ca/hero-quest.html?source=bgg,199.95,CAD,1,1
23694,https://www.usedgames.ca/pirates-of-the-caribbean.html?source=bgg,14.95,CAD,1,1
10183,https://www.usedgames.ca/napoleon-at-leipzig.html?source=bgg,59.95,CAD,1,1
4230,https://www.usedgames.ca/napoleans-last-battles.html?source=bgg,59.95,CAD,1,1
6813,https://www.usedgames.ca/operation-market-garden.html?source=bgg,14.95,CAD,1,1
626,https://www.usedgames.ca/war-and-peace.html?source=bgg,24.95,CAD,1,1
2953,https://www.usedgames.ca/trivial-pursuit.html?source=bgg,19.95,CAD,1,1
16131,https://www.usedgames.ca/trivial-pursuit-34439241.html?source=bgg,29.95,CAD,1,1
4492,https://www.usedgames.ca/trivial-pursuit-34441214.html?source=bgg,29.95,CAD,1,1
1299,https://www.usedgames.ca/trivial-pursuit-genus-4-card-set.html?source=bgg,9.95,CAD,1,1
27645,https://www.usedgames.ca/apples-to-apples-expansion-one.html?source=bgg,9.95,CAD,1,1
5650,https://www.usedgames.ca/pass-out-25th-anniversary-edition.html?source=bgg,19.95,CAD,1,1
5650,https://www.usedgames.ca/pass-out.html?source=bgg,14.95,CAD,1,1
5312,https://www.usedgames.ca/family-feud.html?source=bgg,19.95,CAD,1,1
18179,https://www.usedgames.ca/think-twice.html?source=bgg,24.95,CAD,1,1
9356,https://www.usedgames.ca/pacific-fleet.html?source=bgg,59.95,CAD,1,1
1498,https://www.usedgames.ca/paydirt.html?source=bgg,99.95,CAD,1,1
175563,https://www.usedgames.ca/gross-abulary.html?source=bgg,19.95,CAD,1,1
1711,https://www.usedgames.ca/righthofens-war-the-air-war.html?source=bgg,39.95,CAD,1,1
5622,https://www.usedgames.ca/pacific-war-the-struggle-against-japan-1941-1945-3.html?source=bgg,49.95,CAD,1,1
8284,https://www.usedgames.ca/assault-tactical-combat-in-europe-1985.html?source=bgg,34.95,CAD,1,1
134567,https://www.usedgames.ca/auction-house-and-club-house-golf.html?source=bgg,29.95,CAD,1,1
4921,https://www.usedgames.ca/3rd-fleet.html?source=bgg,199.95,CAD,1,1
2073,https://www.usedgames.ca/sixth-fleet-34574605.html?source=bgg,39.95,CAD,1,1
5485,https://www.usedgames.ca/atlantic-wall-the-invasion-of-europe-june-1944.html?source=bgg,179.95,CAD,1,1
16701,https://www.usedgames.ca/birthday-gamesake.html?source=bgg,19.95,CAD,1,1
1923,https://www.usedgames.ca/mindtrap.html?source=bgg,9.95,CAD,1,1
1417,https://www.usedgames.ca/alibi.html?source=bgg,9.95,CAD,1,1
200447,https://www.usedgames.ca/family-feud-dvd-game.html?source=bgg,4.95,CAD,1,1
7918,https://www.usedgames.ca/eagle-eye-agency.html?source=bgg,49.95,CAD,1,1
1294,https://www.usedgames.ca/clue.html?source=bgg,39.95,CAD,1,1
67488,https://www.usedgames.ca/too-bad.html?source=bgg,14.95,CAD,1,1
54152,https://www.usedgames.ca/who-wants-to-be-a-millionaire.html?source=bgg,24.95,CAD,1,1
166532,https://www.usedgames.ca/cubo.html?source=bgg,4.95,CAD,1,1
16013,https://www.usedgames.ca/endeavor-eleven.html?source=bgg,59.95,CAD,1,1
2921,https://www.usedgames.ca/the-game-of-life-2007.html?source=bgg,29.95,CAD,1,1
4574,https://www.usedgames.ca/slang-teasers-34678944.html?source=bgg,44.95,CAD,1,1
4574,https://www.usedgames.ca/slang-teasers-1st-edition.html?source=bgg,39.95,CAD,1,1
13137,https://www.usedgames.ca/kids-battle-the-grown-ups.html?source=bgg,29.95,CAD,1,1
4574,https://www.usedgames.ca/slang-teasers-1st-edition.html?source=bgg,44.95,CAD,1,1
14092,https://www.usedgames.ca/scribbage.html?source=bgg,9.95,CAD,1,1
4279,https://www.usedgames.ca/flux.html?source=bgg,34.95,CAD,1,1
349676,https://www.usedgames.ca/iq-2000-transcanada-trivia.html?source=bgg,34.95,CAD,1,1
41095,https://www.usedgames.ca/clue-secrets-and-spies.html?source=bgg,19.95,CAD,1,1
4061,https://www.usedgames.ca/tiles.html?source=bgg,14.95,CAD,1,1
9794,https://www.usedgames.ca/rummoli-deluxe.html?source=bgg,9.95,CAD,1,1
30660,https://www.usedgames.ca/chess-3-d.html?source=bgg,39.95,CAD,1,1
17223,https://www.usedgames.ca/world-of-warcraft-board-game.html?source=bgg,119.95,CAD,1,1
320,https://www.usedgames.ca/scrabble-original.html?source=bgg,34.95,CAD,1,1
112445,https://www.usedgames.ca/disaster-looms.html?source=bgg,29.95,CAD,1,1
37988,https://www.usedgames.ca/trivial-pursuit-25th-anniversary-edition.html?source=bgg,19.95,CAD,1,1
9027,https://www.usedgames.ca/oasis.html?source=bgg,24.95,CAD,1,1
37738,https://www.usedgames.ca/master-builder.html?source=bgg,49.95,CAD,1,1
16578,https://www.usedgames.ca/yuk-yuks-comedy-game.html?source=bgg,34.95,CAD,1,1
14064,https://www.usedgames.ca/5-vs-5-canadian-city-challenge.html?source=bgg,14.95,CAD,1,1
1294,https://www.usedgames.ca/clue-34982457.html?source=bgg,34.95,CAD,1,1
1607,https://www.usedgames.ca/blurt.html?source=bgg,5.95,CAD,1,1
1148,https://www.usedgames.ca/eagle-kingdoms.html?source=bgg,14.95,CAD,1,1
4922,https://www.usedgames.ca/clever-endeavor.html?source=bgg,19.95,CAD,1,1
8928,https://www.usedgames.ca/lady-luck.html?source=bgg,18.95,CAD,1,1
21464,https://www.usedgames.ca/california.html?source=bgg,14.95,CAD,1,1
13879,https://www.usedgames.ca/scene-it-jr-dvd-game.html?source=bgg,29.95,CAD,1,1
145419,https://www.usedgames.ca/garage-sale.html?source=bgg,29.95,CAD,1,1
2956,https://www.usedgames.ca/dirty-minds.html?source=bgg,19.95,CAD,1,1
10289,https://www.usedgames.ca/split-level-aggravation.html?source=bgg,19.95,CAD,1,1
38026,https://www.usedgames.ca/clue-world-of-harry-potter.html?source=bgg,29.95,CAD,1,1
51495,https://www.usedgames.ca/wheel-of-fortune-deluxe-25th-silver-anniversary-ed.html?source=bgg,24.95,CAD,1,1
4496,https://www.usedgames.ca/horse-sense.html?source=bgg,34.95,CAD,1,1
4424,https://www.usedgames.ca/cranium-hoopla.html?source=bgg,29.95,CAD,1,1
163576,https://www.usedgames.ca/monopoly-the-legend-of-zelda-collectors-edition.html?source=bgg,59.95,CAD,1,1
9815,https://www.usedgames.ca/goosebumps-a-night-in-terror-tower-game.html?source=bgg,19.95,CAD,1,1
22038,https://www.usedgames.ca/warrior-knights.html?source=bgg,69.95,CAD,1,1
1996,https://www.usedgames.ca/face-off.html?source=bgg,49.95,CAD,1,1
333,https://www.usedgames.ca/waterworks.html?source=bgg,9.95,CAD,1,1
7552,https://www.usedgames.ca/whadya-know.html?source=bgg,4.95,CAD,1,1
2887,https://www.usedgames.ca/the-yeti-slalom.html?source=bgg,9.95,CAD,1,1
4327,https://www.usedgames.ca/war-and-sheep.html?source=bgg,4.95,CAD,1,1
3591,https://www.usedgames.ca/cribb-derby.html?source=bgg,49.95,CAD,1,1
80836,https://www.usedgames.ca/the-target.html?source=bgg,9.95,CAD,1,1
16373,https://www.usedgames.ca/techno-witches.html?source=bgg,4.95,CAD,1,1
166888,https://www.usedgames.ca/costa-ruana.html?source=bgg,14.95,CAD,1,1
93541,https://www.usedgames.ca/urbania.html?source=bgg,19.95,CAD,1,1
197061,https://www.usedgames.ca/fantahzee.html?source=bgg,14.95,CAD,1,1
6824,https://www.usedgames.ca/gold-und-rum-used.html?source=bgg,14.95,CAD,1,1
20031,https://www.usedgames.ca/ahoy.html?source=bgg,14.95,CAD,1,1
83195,https://www.usedgames.ca/ghost-blitz.html?source=bgg,9.95,CAD,1,1
69356,https://www.usedgames.ca/kalua.html?source=bgg,14.95,CAD,1,1
3048,https://www.usedgames.ca/trivial-pursuit-millenium.html?source=bgg,0.00,CAD,1,1
18849,https://www.usedgames.ca/murder-a-la-carte-41137814.html?source=bgg,14.95,CAD,1,1
7957,https://www.usedgames.ca/franchisit.html?source=bgg,24.95,CAD,1,1
21434,https://www.usedgames.ca/final-strategy.html?source=bgg,34.95,CAD,1,1
32666,https://www.usedgames.ca/wealth-of-nations.html?source=bgg,149.95,CAD,1,1
38453,https://www.usedgames.ca/space-alert.html?source=bgg,34.95,CAD,1,1
42478,https://www.usedgames.ca/pharaohs-bluff.html?source=bgg,59.95,CAD,1,1
8933,https://www.usedgames.ca/happiness.html?source=bgg,24.95,CAD,1,1
28878,https://www.usedgames.ca/the-game-of-love.html?source=bgg,19.95,CAD,1,1
22991,https://www.usedgames.ca/mona-lisa-mysteries-game.html?source=bgg,14.95,CAD,1,1
1299,https://www.usedgames.ca/trivial-pursuit-genus-4-card-set.html?source=bgg,19.95,CAD,1,1
986,https://www.usedgames.ca/babel.html?source=bgg,49.95,CAD,1,1
31638,https://www.usedgames.ca/memoir-44-air-pack-expansion-mightier-yet.html?source=bgg,179.95,CAD,1,1
7,https://www.usedgames.ca/cathedral.html?source=bgg,14.95,CAD,1,1
120,https://www.usedgames.ca/adel-verphlichtet.html?source=bgg,54.95,CAD,1,1
104377,https://www.usedgames.ca/tschak-nib.html?source=bgg,24.95,CAD,1,1
9473,https://www.usedgames.ca/adam-eva-46977959.html?source=bgg,24.95,CAD,1,1
1549,https://www.usedgames.ca/password-volume-8.html?source=bgg,14.95,CAD,1,1
1549,https://www.usedgames.ca/copy-of-password-volume-8.html?source=bgg,14.95,CAD,1,1
2639,https://www.usedgames.ca/panzer-leader-1974.html?source=bgg,49.95,CAD,1,1
1717,https://www.usedgames.ca/freedom-in-the-galaxy-the-star-rebellions-5764-ad.html?source=bgg,49.95,CAD,1,1
139,https://www.usedgames.ca/hoax-1981.html?source=bgg,49.95,CAD,1,1
310,https://www.usedgames.ca/wizards-quest-1979.html?source=bgg,29.95,CAD,1,1
3549,https://www.usedgames.ca/superpower-1986.html?source=bgg,24.95,CAD,1,1
3692,https://www.usedgames.ca/firepower-1984.html?source=bgg,39.95,CAD,1,1
4556,https://www.usedgames.ca/pattons-best-1987.html?source=bgg,44.95,CAD,1,1
4664,https://www.usedgames.ca/challenge-bridge-1973.html?source=bgg,19.95,CAD,1,1
3613,https://www.usedgames.ca/air-superiority.html?source=bgg,24.95,CAD,1,1
1714,https://www.usedgames.ca/moonstar-1981.html?source=bgg,59.95,CAD,1,1
1275,https://www.usedgames.ca/221b-baker-street-the-master-detective-game-1975.html?source=bgg,19.95,CAD,1,1
7467,https://www.usedgames.ca/the-lord-og-the-rings-the-two-towers-2003.html?source=bgg,19.95,CAD,1,1
3226,https://www.usedgames.ca/bowl-bound-1973.html?source=bgg,99.95,CAD,1,1
827,https://www.usedgames.ca/attila-2000.html?source=bgg,29.95,CAD,1,1
2795,https://www.usedgames.ca/car-wars-deluxe-edtion-1985.html?source=bgg,39.95,CAD,1,1
93979,https://www.usedgames.ca/diception-2011.html?source=bgg,19.95,CAD,1,1
1684,https://www.usedgames.ca/intern-1979.html?source=bgg,29.95,CAD,1,1
3610,https://www.usedgames.ca/word-power-1963.html?source=bgg,19.95,CAD,1,1
1711,https://www.usedgames.ca/richthofens-war-1972.html?source=bgg,14.95,CAD,1,1
1098,https://www.usedgames.ca/judge-dredd-1982.html?source=bgg,59.95,CAD,1,1
8570,https://www.usedgames.ca/challenge-football-1973.html?source=bgg,19.95,CAD,1,1
1233,https://www.usedgames.ca/facts-in-five-1964.html?source=bgg,14.95,CAD,1,1
218,https://www.usedgames.ca/high-bid-1963.html?source=bgg,9.95,CAD,1,1
794,https://www.usedgames.ca/foil-1968.html?source=bgg,9.95,CAD,1,1
336,https://www.usedgames.ca/jumpin-1964-63158023.html?source=bgg,14.95,CAD,1,1
4404,https://www.usedgames.ca/gold-1982.html?source=bgg,14.95,CAD,1,1
1724,https://www.usedgames.ca/bureaucracy-1981.html?source=bgg,19.95,CAD,1,1
218,https://www.usedgames.ca/the-collector-1977.html?source=bgg,24.95,CAD,1,1
5304,https://www.usedgames.ca/basketball-strategy-1974.html?source=bgg,19.95,CAD,1,1
3646,https://www.usedgames.ca/luftwaffe-the-game-of-aerial-combat-over-germany-1.html?source=bgg,24.95,CAD,1,1
866,https://www.usedgames.ca/lie-cheat-steal-1971.html?source=bgg,24.95,CAD,1,1
121,https://www.usedgames.ca/dune-board-game-1979.html?source=bgg,89.95,CAD,1,1
2108,https://www.usedgames.ca/starlord-board-game-1977.html?source=bgg,44.95,CAD,1,1
1516,https://www.usedgames.ca/usac-auto-racing-board-game-1979.html?source=bgg,44.95,CAD,1,1
1988,https://www.usedgames.ca/outlaw-trail-the-western-game-1972.html?source=bgg,29.95,CAD,1,1
188,https://www.usedgames.ca/go-1978.html?source=bgg,14.95,CAD,1,1
3011,https://www.usedgames.ca/supermoney-1978.html?source=bgg,19.95,CAD,1,1
11917,https://www.usedgames.ca/trivial-detective-1985.html?source=bgg,9.95,CAD,1,1
1228,https://www.usedgames.ca/maneuver-1979.html?source=bgg,14.95,CAD,1,1
746,https://www.usedgames.ca/the-game-of-france-1940-german-blitzkrieg-in-the-w.html?source=bgg,29.95,CAD,1,1
1593,https://www.usedgames.ca/down-with-the-king-1981.html?source=bgg,24.95,CAD,1,1
8071,https://www.usedgames.ca/tannenberg-and-the-opening-battles-in-the-east-191.html?source=bgg,34.95,CAD,1,1
97903,https://www.usedgames.ca/rampage-board-game-aka-terrror-at-meeple-city.html?source=bgg,79.95,CAD,1,1
2635,https://www.usedgames.ca/finance-board-game.html?source=bgg,49.95,CAD,1,1
5272,https://www.usedgames.ca/hilarium-board-game-nis.html?source=bgg,29.95,CAD,1,1
19211,https://www.usedgames.ca/lovers-wild-1981.html?source=bgg,39.95,CAD,1,1
69789,https://www.usedgames.ca/ascension-chronicle-of-the-godslayer-2010.html?source=bgg,14.95,CAD,1,1
4056,https://www.usedgames.ca/the-anyville-horror-2001.html?source=bgg,9.95,CAD,1,1
4606,https://www.usedgames.ca/sucking-vacuum-2002.html?source=bgg,16.95,CAD,1,1
122690,https://www.usedgames.ca/star-trek-deck-building-game-the-original-series-2.html?source=bgg,24.95,CAD,1,1
125752,https://www.usedgames.ca/race-formula-90-2013-nis.html?source=bgg,89.98,CAD,1,1
37231,https://www.usedgames.ca/comuni-2008-nis.html?source=bgg,39.95,CAD,1,1
127095,https://www.usedgames.ca/origin-2013-nis.html?source=bgg,24.95,CAD,1,1
2096,https://www.usedgames.ca/caprice-1999-nis.html?source=bgg,19.95,CAD,1,1
43231,https://www.usedgames.ca/balance-of-power-2012.html?source=bgg,14.95,CAD,1,1
461,https://www.usedgames.ca/freibeuter-1998.html?source=bgg,24.95,CAD,1,1
143760,https://www.usedgames.ca/cosmic-encounter-cosmic-storm-2013-nis.html?source=bgg,39.95,CAD,1,1
2949,https://www.usedgames.ca/dune-space-harvest-1984-nis.html?source=bgg,324.95,CAD,1,1
2950,https://www.usedgames.ca/dune-the-duel-1984-nis.html?source=bgg,169.95,CAD,1,1
197061,https://www.usedgames.ca/the-battle-at-kembles-cascade-2014.html?source=bgg,16.95,CAD,1,1
110277,https://www.usedgames.ca/among-the-stars-2012.html?source=bgg,24.95,CAD,1,1
156976,https://www.usedgames.ca/planes-2014.html?source=bgg,19.95,CAD,1,1
7995,https://www.usedgames.ca/quits-1990-nis.html?source=bgg,29.95,CAD,1,1
102680,https://www.usedgames.ca/trajan-2011.html?source=bgg,34.95,CAD,1,1
9163,https://www.usedgames.ca/bau-auf-1999.html?source=bgg,14.95,CAD,1,1
12333,https://www.usedgames.ca/twilight-struggle-2005.html?source=bgg,45.95,CAD,1,1
1248,https://www.usedgames.ca/hacker-2-the-dark-side-1993-nis.html?source=bgg,49.95,CAD,1,1
34635,https://www.usedgames.ca/stone-age-board-game-2008-edition.html?source=bgg,49.95,CAD,1,1
181293,https://www.usedgames.ca/alien-artifacts-2017.html?source=bgg,19.95,CAD,1,1
85,https://www.usedgames.ca/quebec-1759-2006.html?source=bgg,24.95,CAD,1,1
121410,https://www.usedgames.ca/steam-park-2013.html?source=bgg,19.95,CAD,1,1
14992,https://www.usedgames.ca/sword-and-skull-2005.html?source=bgg,14.95,CAD,1,1
40629,https://www.usedgames.ca/copy-of-bakong-2009.html?source=bgg,12.95,CAD,1,1
2316,https://www.usedgames.ca/x-bugs-microscopic-mayham-usarthropods-vs-flyborgs.html?source=bgg,14.95,CAD,1,1
145493,https://www.usedgames.ca/the-kings-armory-2015-nis.html?source=bgg,59.95,CAD,1,1
13006,https://www.usedgames.ca/swords-dragons-2000-nis.html?source=bgg,64.95,CAD,1,1
159141,https://www.usedgames.ca/code-of-nine-2012-nis.html?source=bgg,19.95,CAD,1,1
146099,https://www.usedgames.ca/pew-pew-2013-nis.html?source=bgg,39.95,CAD,1,1
233973,https://www.usedgames.ca/huns-2018-nis.html?source=bgg,19.95,CAD,1,1
3242,https://www.usedgames.ca/clash-of-the-gladiators-2002-nis.html?source=bgg,49.95,CAD,1,1
11167,https://www.usedgames.ca/brain-quest-1993-nis.html?source=bgg,14.95,CAD,1,1
228133,https://www.usedgames.ca/crystal-clans-bundle-2018-nis.html?source=bgg,69.95,CAD,1,1
13557,https://www.usedgames.ca/play-bridge-1989-nis.html?source=bgg,59.95,CAD,1,1
646,https://www.usedgames.ca/pirates-plunder-2000-nis.html?source=bgg,14.95,CAD,1,1
132428,https://www.usedgames.ca/bioshock-infinite-the-siege-of-columbia-2013-nis.html?source=bgg,49.95,CAD,1,1
23913,https://www.usedgames.ca/league-of-pirates-2006-nis.html?source=bgg,14.95,CAD,1,1
8045,https://www.usedgames.ca/princes-of-the-renaissance-2003-nis.html?source=bgg,49.95,CAD,1,1
19508,https://www.usedgames.ca/igels-the-card-game.html?source=bgg,14.95,CAD,1,1
961,https://www.usedgames.ca/zoki-1998-nis.html?source=bgg,59.95,CAD,1,1
581,https://www.usedgames.ca/tile-chess-1999-nis.html?source=bgg,19.95,CAD,1,1
9728,https://www.usedgames.ca/oxford-dilemma-word-roll-1999-nis.html?source=bgg,19.95,CAD,1,1
1733,https://www.usedgames.ca/jago-1984-nis.html?source=bgg,39.95,CAD,1,1
589,https://www.usedgames.ca/wiz-war-1997-nis.html?source=bgg,59.95,CAD,1,1
40816,https://www.usedgames.ca/magestorm-2010-nis.html?source=bgg,39.95,CAD,1,1
20134,https://www.usedgames.ca/das-ende-des-triumvirats-2005-nis.html?source=bgg,29.95,CAD,1,1
137811,https://www.usedgames.ca/galactic-strike-force-2014.html?source=bgg,19.95,CAD,1,1
195275,https://www.usedgames.ca/ghostbusters-2-kickstarter-extras-2017.html?source=bgg,149.95,CAD,1,1
230080,https://www.usedgames.ca/majesty-for-the-realms-2017.html?source=bgg,19.95,CAD,1,1
1172,https://www.usedgames.ca/lucky-five-1998.html?source=bgg,29.95,CAD,1,1
155987,https://www.usedgames.ca/abyss-2014.html?source=bgg,34.95,CAD,1,1
12761,https://www.usedgames.ca/ys-bundle-2004-nis.html?source=bgg,49.95,CAD,1,1
158899,https://www.usedgames.ca/colt-express-2014-nis.html?source=bgg,34.95,CAD,1,1
38707,https://www.usedgames.ca/bushido-der-weg-des-kriegers-2008-nis.html?source=bgg,29.95,CAD,1,1
256883,https://www.usedgames.ca/comanauts-2019.html?source=bgg,29.95,CAD,1,1
55,https://www.usedgames.ca/sophies-world-1998.html?source=bgg,19.95,CAD,1,1
180598,https://www.usedgames.ca/voila-2015.html?source=bgg,19.95,CAD,1,1
160559,https://www.usedgames.ca/simurgh-2015-nis.html?source=bgg,49.95,CAD,1,1
204600,https://www.usedgames.ca/the-crow-fire-it-up-2016.html?source=bgg,19.95,CAD,1,1
124490,https://www.usedgames.ca/aztlan-2012.html?source=bgg,39.95,CAD,1,1
38054,https://www.usedgames.ca/snow-tails-2008.html?source=bgg,39.95,CAD,1,1
24009,https://www.usedgames.ca/battleship-command-pirate-of-the-caribbean-2006.html?source=bgg,14.95,CAD,1,1
8846,https://www.usedgames.ca/word-for-word-1987.html?source=bgg,14.95,CAD,1,1
104858,https://www.usedgames.ca/rock-science-2011-nis.html?source=bgg,19.95,CAD,1,1
4083,https://www.usedgames.ca/hi-spot-1969.html?source=bgg,9.95,CAD,1,1
5696,https://www.usedgames.ca/crisis-1975.html?source=bgg,24.95,CAD,1,1
13219,https://www.usedgames.ca/scrabble-upper-hand-1981.html?source=bgg,19.95,CAD,1,1
12588,https://www.usedgames.ca/asterix-the-board-game-1990.html?source=bgg,4.95,CAD,1,1
6752,https://www.usedgames.ca/attack-2003-nis.html?source=bgg,24.95,CAD,1,1
12428,https://www.usedgames.ca/all-ears-1992.html?source=bgg,29.95,CAD,1,1
5,https://www.usedgames.ca/acquire-1968.html?source=bgg,24.95,CAD,1,1
20018,https://www.usedgames.ca/aloha-2005.html?source=bgg,24.95,CAD,1,1
956,https://www.usedgames.ca/azteca-1998.html?source=bgg,29.95,CAD,1,1
1931,https://www.usedgames.ca/anti-monopoly-1973.html?source=bgg,24.95,CAD,1,1
13990,https://www.usedgames.ca/ultimate-auto-trivia-2002.html?source=bgg,19.95,CAD,1,1
31887,https://www.usedgames.ca/amuseamaze-2007.html?source=bgg,14.95,CAD,1,1
31887,https://www.usedgames.ca/amuseamaze-2007.html?source=bgg,19.95,CAD,1,1
5854,https://www.usedgames.ca/azuma-1992.html?source=bgg,14.95,CAD,1,1
66646,https://www.usedgames.ca/carcassonne-first-edition-expansion-8-castles-brid.html?source=bgg,69.95,CAD,1,1
31784,https://www.usedgames.ca/carcassonne-first-edition-expansion-5-abbey-mayor.html?source=bgg,24.95,CAD,1,1
223,https://www.usedgames.ca/expedition-1996-nis.html?source=bgg,49.95,CAD,1,1
31745,https://www.usedgames.ca/utopia-2007.html?source=bgg,29.95,CAD,1,1
2921,https://www.usedgames.ca/the-game-of-life-2007.html?source=bgg,9.95,CAD,1,1
28514,https://www.usedgames.ca/eye-jinxx-1990.html?source=bgg,49.95,CAD,1,1
870,https://www.usedgames.ca/empires-of-the-ancient-world-2000-nis.html?source=bgg,99.95,CAD,1,1
13384,https://www.usedgames.ca/election-usa-2004-nis.html?source=bgg,29.95,CAD,1,1
18289,https://www.usedgames.ca/key-largo-2005.html?source=bgg,19.95,CAD,1,1
417,https://www.usedgames.ca/edison-co-1998.html?source=bgg,14.95,CAD,1,1
30370,https://www.usedgames.ca/eti-estimated-time-to-invasion-2008.html?source=bgg,39.95,CAD,1,1
2550,https://www.usedgames.ca/snarf-quest-2001.html?source=bgg,24.95,CAD,1,1
5299,https://www.usedgames.ca/the-game-of-dilemmas.html?source=bgg,19.95,CAD,1,1
5515,https://www.usedgames.ca/grand-master-1986.html?source=bgg,49.95,CAD,1,1
93001,https://www.usedgames.ca/ice-dice-2011.html?source=bgg,24.95,CAD,1,1
3951,https://www.usedgames.ca/octrix-1970.html?source=bgg,14.95,CAD,1,1
11845,https://www.usedgames.ca/queriesn-theories-1970.html?source=bgg,19.95,CAD,1,1
2153,https://www.usedgames.ca/grav-armor-1982.html?source=bgg,19.95,CAD,1,1
1792,https://www.usedgames.ca/star-viking-1981.html?source=bgg,24.95,CAD,1,1
57702,https://www.usedgames.ca/monopoly-championship-edition-2009.html?source=bgg,9.95,CAD,1,1
285,https://www.usedgames.ca/monsters-ravage-america-1998.html?source=bgg,34.95,CAD,1,1
12511,https://www.usedgames.ca/artifact-2004.html?source=bgg,14.95,CAD,1,1
12017,https://www.usedgames.ca/alphemo-1987.html?source=bgg,29.95,CAD,1,1
248763,https://www.usedgames.ca/heroes-of-dominaria-premium-edition.html?source=bgg,39.95,CAD,1,1
320909,https://www.usedgames.ca/dragon-dice-kicker-pack-5-swamp-stalkers.html?source=bgg,34.95,CAD,1,1
12372,https://www.usedgames.ca/shakespeare-the-bard-game.html?source=bgg,34.95,CAD,1,1
2507,https://www.usedgames.ca/liberte-1998-nis.html?source=bgg,39.95,CAD,1,1
118703,https://www.usedgames.ca/20th-century-limited-2015-nis.html?source=bgg,29.95,CAD,1,1
29410,https://www.usedgames.ca/municipium-2008-nis.html?source=bgg,29.95,CAD,1,1
4249,https://www.usedgames.ca/trias-2002-nis.html?source=bgg,74.95,CAD,1,1
1713,https://www.usedgames.ca/maharaja-1994-nis.html?source=bgg,54.95,CAD,1,1
143782,https://www.usedgames.ca/global-mogul-2013-nis.html?source=bgg,24.95,CAD,1,1
4375,https://www.usedgames.ca/krone-schwert-2002-nis.html?source=bgg,29.95,CAD,1,1
2595,https://www.usedgames.ca/moondragon-1997-nis.html?source=bgg,74.95,CAD,1,1
33160,https://www.usedgames.ca/endeavor-2009-nis.html?source=bgg,74.95,CAD,1,1
1330,https://www.usedgames.ca/savannah-cafe-2001-nis.html?source=bgg,24.95,CAD,1,1
1748,https://www.usedgames.ca/the-best-of-a-question-of-scruples.html?source=bgg,19.95,CAD,1,1
27760,https://www.usedgames.ca/catan-traders-barbarians-game-cards-2008.html?source=bgg,9.95,CAD,1,1
118619,https://www.usedgames.ca/carcassonne-first-edition-mini-expansion-2-the-mes.html?source=bgg,24.95,CAD,1,1
118619,https://www.usedgames.ca/carcassonne-first-edition-mini-expansion-2-the-mes.html?source=bgg,34.95,CAD,1,1
93401,https://www.usedgames.ca/the-rivals-for-catan-age-of-darkness-expansion.html?source=bgg,5.95,CAD,1,1
13,https://www.usedgames.ca/the-settlers-of-catan-sealed.html?source=bgg,69.95,CAD,1,1
58980,https://www.usedgames.ca/nefertiti-expansion-2009-nis.html?source=bgg,29.95,CAD,1,1
17661,https://www.usedgames.ca/budget-battlefield-2001-nis.html?source=bgg,34.95,CAD,1,1
133632,https://www.usedgames.ca/mythotopia-2014.html?source=bgg,19.95,CAD,1,1
22141,https://www.usedgames.ca/cleopatra-and-the-society-of-architects-2006.html?source=bgg,29.00,CAD,1,1
73439,https://www.usedgames.ca/troyes-2010.html?source=bgg,49.95,CAD,1,1
66589,https://www.usedgames.ca/navegador-2010.html?source=bgg,59.95,CAD,1,1
12,https://www.usedgames.ca/ra-2005.html?source=bgg,79.95,CAD,1,1
3208,https://www.usedgames.ca/dragonland-2002.html?source=bgg,19.95,CAD,1,1
17465,https://www.usedgames.ca/cowboys-the-way-of-the-gun.html?source=bgg,39.95,CAD,1,1
1945,https://www.usedgames.ca/ultimatum-1985.html?source=bgg,19.95,CAD,1,1
18,https://www.usedgames.ca/roborally-1994.html?source=bgg,89.95,CAD,1,1
18,https://www.usedgames.ca/roborally-2005.html?source=bgg,69.95,CAD,1,1
21946,https://www.usedgames.ca/high-5-1992-nis.html?source=bgg,19.95,CAD,1,1
8095,https://www.usedgames.ca/prophecy-2002-nis.html?source=bgg,39.95,CAD,1,1
6752,https://www.usedgames.ca/attack-2003-nis.html?source=bgg,49.95,CAD,1,1
854,https://www.usedgames.ca/doge-2000-nis.html?source=bgg,39.95,CAD,1,1
594,https://www.usedgames.ca/sleuth-1981-nis.html?source=bgg,49.95,CAD,1,1
3285,https://www.usedgames.ca/star-wars-jedi-unleashed-2002-nis.html?source=bgg,24.95,CAD,1,1
113517,https://www.usedgames.ca/quadefy-2011-nis.html?source=bgg,19.95,CAD,1,1
132372,https://www.usedgames.ca/guildhall-2012-nis.html?source=bgg,44.95,CAD,1,1
125618,https://www.usedgames.ca/libertalia-2012-nis.html?source=bgg,99.95,CAD,1,1
32018,https://www.usedgames.ca/hullabaloo-the-game-of-observation-1992.html?source=bgg,49.95,CAD,1,1
24224,https://www.usedgames.ca/anasazi-2006.html?source=bgg,19.95,CAD,1,1
2503,https://www.usedgames.ca/godsfire-1976.html?source=bgg,29.95,CAD,1,1
126042,https://www.usedgames.ca/nations-2013.html?source=bgg,49.95,CAD,1,1
16530,https://www.usedgames.ca/the-apprentice-2005.html?source=bgg,29.95,CAD,1,1
33107,https://www.usedgames.ca/senji-2008.html?source=bgg,79.95,CAD,1,1
86663,https://www.usedgames.ca/ascension-theme-pack-rat-king-2010.html?source=bgg,7.95,CAD,1,1
125922,https://www.usedgames.ca/ascension-theme-pack-rat-queen.html?source=bgg,7.95,CAD,1,1
103262,https://www.usedgames.ca/ascension-theme-pack-leprechaun-2011-nis.html?source=bgg,7.95,CAD,1,1
2773,https://www.usedgames.ca/knights-of-the-dinner-table-hack-card-game-tomb-of.html?source=bgg,14.95,CAD,1,1
2773,https://www.usedgames.ca/knights-of-the-dinner-table-hack-card-game-tomb-of.html?source=bgg,14.95,CAD,1,1
2773,https://www.usedgames.ca/knights-of-the-dinner-table-hack-card-game-tomb-of.html?source=bgg,14.95,CAD,1,1
2773,https://www.usedgames.ca/knights-of-the-dinner-table-hack-card-game-tomb-of.html?source=bgg,9.95,CAD,1,1
2773,https://www.usedgames.ca/knights-of-the-dinner-table-hack-card-game-tomb-of.html?source=bgg,9.95,CAD,1,1
2773,https://www.usedgames.ca/knights-of-the-dinner-table-hack-card-game-tomb-of.html?source=bgg,9.95,CAD,1,1
136238,https://www.usedgames.ca/rofl-2013.html?source=bgg,14.95,CAD,1,1
171779,https://www.usedgames.ca/gempacked-cards-2015-nis.html?source=bgg,29.95,CAD,1,1
14176,https://www.usedgames.ca/whos-who-volume-1-1992.html?source=bgg,19.95,CAD,1,1
443,https://www.usedgames.ca/code-777-25th-anniversary-edition-2010.html?source=bgg,49.95,CAD,1,1
110277,https://www.usedgames.ca/among-the-stars-2012.html?source=bgg,24.95,CAD,1,1
2398,https://www.usedgames.ca/crib-ante-cribbage.html?source=bgg,99.95,CAD,1,1
8645,https://www.usedgames.ca/20th-century-time-travel-card-game-2003-nis.html?source=bgg,39.95,CAD,1,1
1247,https://www.usedgames.ca/gangland-1996.html?source=bgg,49.95,CAD,1,1
53403,https://www.usedgames.ca/battleship-gi-joe-the-rise-of-cobra-edition-2009.html?source=bgg,19.95,CAD,1,1
94346,https://www.usedgames.ca/galapa-go-2011-nis.html?source=bgg,39.95,CAD,1,1
21258,https://www.usedgames.ca/concatenate.html?source=bgg,49.95,CAD,1,1
19876,https://www.usedgames.ca/palatinus-2005-nis.html?source=bgg,19.95,CAD,1,1
7864,https://www.usedgames.ca/wildside-2003-nis.html?source=bgg,19.95,CAD,1,1
12244,https://www.usedgames.ca/word-trek-1993-nis.html?source=bgg,29.95,CAD,1,1
3801,https://www.usedgames.ca/when-darkness-comes-2002.html?source=bgg,14.95,CAD,1,1
20146,https://www.usedgames.ca/der-weg-nach-drakonia-2005-nis.html?source=bgg,24.95,CAD,1,1
7048,https://www.usedgames.ca/big-top-2003.html?source=bgg,14.95,CAD,1,1
5464,https://www.usedgames.ca/calypso-1987-nis.html?source=bgg,29.95,CAD,1,1
24258,https://www.usedgames.ca/gogogo-2005-nis.html?source=bgg,9.95,CAD,1,1
21859,https://www.usedgames.ca/figaro-2006.html?source=bgg,9.95,CAD,1,1
39324,https://www.usedgames.ca/pass-the-popcorn-2008.html?source=bgg,14.95,CAD,1,1
191876,https://www.usedgames.ca/ulm-2016-nis.html?source=bgg,44.95,CAD,1,1
915,https://www.usedgames.ca/mystery-of-the-abbey-2005.html?source=bgg,59.95,CAD,1,1
247236,https://www.usedgames.ca/duelosaur-island-2018.html?source=bgg,29.95,CAD,1,1
102897,https://www.usedgames.ca/farmageddon-2012.html?source=bgg,14.95,CAD,1,1
138317,https://www.usedgames.ca/trains-and-stations-2013.html?source=bgg,14.95,CAD,1,1
132758,https://www.usedgames.ca/fools-gold-2015.html?source=bgg,29.95,CAD,1,1
269725,https://www.usedgames.ca/corinth-2019-nis.html?source=bgg,24.95,CAD,1,1
24565,https://www.usedgames.ca/magical-athlete-2002.html?source=bgg,99.95,CAD,1,1
214989,https://www.usedgames.ca/age-of-towers-2018-nis.html?source=bgg,19.95,CAD,1,1
179182,https://www.usedgames.ca/dojo-kun-2015-nis.html?source=bgg,24.95,CAD,1,1
110524,https://www.usedgames.ca/goblins-inc-2012-nis.html?source=bgg,29.95,CAD,1,1
24082,https://www.usedgames.ca/voltage-2006.html?source=bgg,4.95,CAD,1,1
13829,https://www.usedgames.ca/garten-zwerge-ev-2004.html?source=bgg,9.95,CAD,1,1
200890,https://www.usedgames.ca/pixie-queen-2017-nis.html?source=bgg,39.95,CAD,1,1
58,https://www.usedgames.ca/kings-things-2010.html?source=bgg,89.95,CAD,1,1
205078,https://www.usedgames.ca/barcelona-the-rose-of-fire-2016-nis.html?source=bgg,39.95,CAD,1,1
139894,https://www.usedgames.ca/alchemist-academy-2013-nis.html?source=bgg,24.95,CAD,1,1
256967,https://www.usedgames.ca/shuffle-grand-prix-2019-nis.html?source=bgg,14.95,CAD,1,1
18866,https://www.usedgames.ca/shear-panic-2005.html?source=bgg,19.95,CAD,1,1
41636,https://www.usedgames.ca/abandon-ship-2008.html?source=bgg,19.95,CAD,1,1
35294,https://www.usedgames.ca/indiana-jones-dvd-adventure-2008.html?source=bgg,9.95,CAD,1,1
223855,https://www.usedgames.ca/sentient-2017-nis.html?source=bgg,69.95,CAD,1,1
217466,https://www.usedgames.ca/mafiozoo-2017-nis.html?source=bgg,34.95,CAD,1,1
132,https://www.usedgames.ca/caesar-cleopatra-1999.html?source=bgg,19.95,CAD,1,1
29687,https://www.usedgames.ca/leaping-lemmings-2010.html?source=bgg,34.95,CAD,1,1
219502,https://www.usedgames.ca/templars-journey-2017-nis.html?source=bgg,29.95,CAD,1,1
29223,https://www.usedgames.ca/marrakech-2010.html?source=bgg,29.95,CAD,1,1
2807,https://www.usedgames.ca/the-settlers-of-catan-5-6-player-expansion-english.html?source=bgg,89.95,CAD,1,1
4103,https://www.usedgames.ca/catan-seafarers-5-6-player-extension-english-secon.html?source=bgg,49.95,CAD,1,1
4101,https://www.usedgames.ca/catan-cities-knights-5-6-player-extension-english.html?source=bgg,29.95,CAD,1,1
4101,https://www.usedgames.ca/catan-cities-knights-english-second-edition-relaun.html?source=bgg,59.95,CAD,1,1
135378,https://www.usedgames.ca/catan-explorers-pirates-english-first-edition-2013.html?source=bgg,49.95,CAD,1,1
27760,https://www.usedgames.ca/catan-traders-barbarians-english-first-edition-sec.html?source=bgg,49.95,CAD,1,1
34691,https://www.usedgames.ca/catan-traders-barbarians-5-6-player-extension-engl.html?source=bgg,24.95,CAD,1,1
4103,https://www.usedgames.ca/the-seafarers-of-catan-5-6-player-expansion-englis.html?source=bgg,69.95,CAD,1,1
8829,https://www.usedgames.ca/nobody-is-perfect-1992.html?source=bgg,19.95,CAD,1,1
177871,https://www.usedgames.ca/costume-party-2015-nis.html?source=bgg,29.95,CAD,1,1
62853,https://www.usedgames.ca/jab-realtime-boxing-2011.html?source=bgg,14.95,CAD,1,1
165950,https://www.usedgames.ca/beasty-bar-2014-nis.html?source=bgg,19.95,CAD,1,1
186954,https://www.usedgames.ca/odd-world-2015.html?source=bgg,9.95,CAD,1,1
1708,https://www.usedgames.ca/stellar-conquest-1975.html?source=bgg,49.95,CAD,1,1
93541,https://www.usedgames.ca/urbania.html?source=bgg,24.95,CAD,1,1
23373,https://www.usedgames.ca/herocard-galaxy-2006.html?source=bgg,14.95,CAD,1,1
41259,https://www.usedgames.ca/ramses-pyramid-2009.html?source=bgg,24.95,CAD,1,1
6210,https://www.usedgames.ca/on-assignment-with-national-geographic-1990.html?source=bgg,29.95,CAD,1,1
13294,https://www.usedgames.ca/break-the-bank-1977.html?source=bgg,44.95,CAD,1,1
2106,https://www.usedgames.ca/imperium-3rd-millennium-2001.html?source=bgg,64.95,CAD,1,1
67436,https://www.usedgames.ca/harry-potter-hogwarts-2010.html?source=bgg,29.95,CAD,1,1
33028,https://www.usedgames.ca/dexterity-1985-59289249.html?source=bgg,49.95,CAD,1,1
161429,https://www.usedgames.ca/who-stole-the-cookie-2014-nis.html?source=bgg,19.95,CAD,1,1
7761,https://www.usedgames.ca/tee-off-on-golf-1994-nis.html?source=bgg,34.95,CAD,1,1
32894,https://www.usedgames.ca/a-bugs-life-topple-hopper-3-d-1998-nis.html?source=bgg,39.95,CAD,1,1
2535,https://www.usedgames.ca/valley-of-the-mammoths-1991-nis.html?source=bgg,99.95,CAD,1,1
54,https://www.usedgames.ca/tikal-1999-nis.html?source=bgg,54.95,CAD,1,1
564,https://www.usedgames.ca/die-seidenstrasse-1998-nis.html?source=bgg,39.95,CAD,1,1
35050,https://www.usedgames.ca/super-stars-football-premiere-edition-2000-nis.html?source=bgg,19.95,CAD,1,1
19752,https://www.usedgames.ca/real-vegas-2005-nis.html?source=bgg,49.95,CAD,1,1
24126,https://www.usedgames.ca/the-all-canadian-trivia-board-game-millennium-edit.html?source=bgg,29.95,CAD,1,1
42371,https://www.usedgames.ca/goventure-card-game-entrepreneur-2007.html?source=bgg,24.95,CAD,1,1
198525,https://www.usedgames.ca/lotus-2016-nis.html?source=bgg,24.95,CAD,1,1
30393,https://www.usedgames.ca/quao-2007.html?source=bgg,19.95,CAD,1,1
1936,https://www.usedgames.ca/paparazzo-1994-nis.html?source=bgg,19.95,CAD,1,1
30519,https://www.usedgames.ca/backround-2002.html?source=bgg,24.95,CAD,1,1
176663,https://www.usedgames.ca/wordariffic-2015-nis.html?source=bgg,19.95,CAD,1,1
34219,https://www.usedgames.ca/biblios-2007.html?source=bgg,39.95,CAD,1,1
452,https://www.usedgames.ca/mummy-rummy-1994.html?source=bgg,9.95,CAD,1,1
8039,https://www.usedgames.ca/trivial-pursuit-dvd-pop-culture-game-2003.html?source=bgg,9.95,CAD,1,1
153118,https://www.usedgames.ca/mauerhuepfer-2014-nis.html?source=bgg,69.95,CAD,1,1
220839,https://www.usedgames.ca/time-stories-brotherhood-of-the-coast-2018-nis.html?source=bgg,24.95,CAD,1,1
12440,https://www.usedgames.ca/alienz-2004-nis.html?source=bgg,19.95,CAD,1,1
103735,https://www.usedgames.ca/bedlamb-2014-nis.html?source=bgg,19.95,CAD,1,1
253633,https://www.usedgames.ca/trivial-pursuit-x-2017-nis.html?source=bgg,19.95,CAD,1,1
184251,https://www.usedgames.ca/3-monkeys-2015.html?source=bgg,19.95,CAD,1,1
20750,https://www.usedgames.ca/black-stories-2-2005-nis.html?source=bgg,9.95,CAD,1,1
145401,https://www.usedgames.ca/crisis-tokyo-2013-nis.html?source=bgg,19.95,CAD,1,1
130899,https://www.usedgames.ca/12-days-2011.html?source=bgg,9.95,CAD,1,1
49021,https://www.usedgames.ca/theories-its-a-game-2005-nis.html?source=bgg,24.95,CAD,1,1
103814,https://www.usedgames.ca/streams-2011.html?source=bgg,19.95,CAD,1,1
4519,https://www.usedgames.ca/yum-poker-2009-nis.html?source=bgg,19.95,CAD,1,1
7064,https://www.usedgames.ca/senjutsu-dynamic-samurai-combat-2003-nis.html?source=bgg,19.95,CAD,1,1
8089,https://www.usedgames.ca/x-machina-2003-nis.html?source=bgg,19.95,CAD,1,1
13896,https://www.usedgames.ca/saucy-charades-2004-nis.html?source=bgg,19.95,CAD,1,1
12761,https://www.usedgames.ca/ys-2005-nis.html?source=bgg,34.95,CAD,1,1
825,https://www.usedgames.ca/screaming-eagles-1987-nis.html?source=bgg,49.95,CAD,1,1
825,https://www.usedgames.ca/screaming-eagles-1987.html?source=bgg,24.95,CAD,1,1
43111,https://www.usedgames.ca/chaos-in-the-old-world-consignment.html?source=bgg,185.00,CAD,1,1
6624,https://www.usedgames.ca/plott-adventures-in-space-board-game.html?source=bgg,19.00,CAD,1,1
12232,https://www.usedgames.ca/wall-street-spin-board-games-nis.html?source=bgg,29.00,CAD,1,1
25,https://www.usedgames.ca/copy-of-battlemist-board-game-the-stars-of-timorra.html?source=bgg,79.00,CAD,1,1
6552,https://www.usedgames.ca/cashflow-investing-101-board-game-used-2002.html?source=bgg,49.95,CAD,1,1
40629,https://www.usedgames.ca/copy-of-bakong-2009.html?source=bgg,12.95,CAD,1,1
2845,https://www.usedgames.ca/star-fist.html?source=bgg,19.95,CAD,1,1
25,https://www.usedgames.ca/copy-of-battlemist-board-game-the-stars-of-timorra.html?source=bgg,69.95,CAD,1,1
146247,https://www.usedgames.ca/showdown-icons-used-card-game-2013.html?source=bgg,20.00,CAD,1,1
84864,https://www.usedgames.ca/insidious-sevens-nis-2010.html?source=bgg,18.95,CAD,1,1
138788,https://www.usedgames.ca/dungeon-roll-hero-booster-pack-2-used-board-game-2.html?source=bgg,58.95,CAD,1,1
1701,https://www.usedgames.ca/toscana-used-board-game-2001.html?source=bgg,11.95,CAD,1,1
173157,https://www.usedgames.ca/takamachi-used-dice-game-2014.html?source=bgg,11.95,CAD,1,1
1807,https://www.usedgames.ca/shrimpin-used-board-game-2003.html?source=bgg,9.95,CAD,1,1
124545,https://www.usedgames.ca/town-center-used-board-game-fourth-edition-2014.html?source=bgg,19.95,CAD,1,1
983,https://www.usedgames.ca/ultra-tangoes-black-nis-2012.html?source=bgg,9.95,CAD,1,1
14550,https://www.usedgames.ca/hollywood-lives-the-movie-making-party-game-used-2.html?source=bgg,4.95,CAD,1,1
18886,https://www.usedgames.ca/gourmet-challenge-wine-food-trivia-game-19.html?source=bgg,59.95,CAD,1,1
9529,https://www.usedgames.ca/jesters-challenge-used-board-game-1989.html?source=bgg,24.95,CAD,1,1
4123,https://www.usedgames.ca/gambler-used-board-game-1975.html?source=bgg,14.95,CAD,1,1
2398,https://www.usedgames.ca/card-crib-board-card-games-series-used-1993.html?source=bgg,79.95,CAD,1,1
71593,https://www.usedgames.ca/charon-inc-2010-nis.html?source=bgg,18.95,CAD,1,1
242,https://www.usedgames.ca/junta-1985.html?source=bgg,26.95,CAD,1,1
14861,https://www.usedgames.ca/dice-hockey-1995.html?source=bgg,24.95,CAD,1,1
17533,https://www.usedgames.ca/the-new-easy-to-master-dungeons-dragons-used-1991.html?source=bgg,94.95,CAD,1,1
17533,https://www.usedgames.ca/copy-of-the-new-easy-to-master-dungeons-dragons-us.html?source=bgg,19.95,CAD,1,1
17912,https://www.usedgames.ca/dungeons-dragons-the-dragons-den-1992-tsr-1073.html?source=bgg,49.95,CAD,1,1
8032,https://www.usedgames.ca/4-cyte-used-1980-missing-content.html?source=bgg,6.95,CAD,1,1
8032,https://www.usedgames.ca/copy-of-4-cyte-used-1980-missing-content.html?source=bgg,6.95,CAD,1,1
13235,https://www.usedgames.ca/the-dr-laura-game-nis-1997.html?source=bgg,9.95,CAD,1,1
562,https://www.usedgames.ca/silberzwerg-2000-german-edition.html?source=bgg,19.95,CAD,1,1
562,https://www.usedgames.ca/silberzwerg-2000-german-edition.html?source=bgg,9.95,CAD,1,1
104285,https://www.usedgames.ca/bluff-1968-est-by-copp-clark.html?source=bgg,19.95,CAD,1,1
8784,https://www.usedgames.ca/po-ke-no-used-board-game-1960.html?source=bgg,9.95,CAD,1,1
5314,https://www.usedgames.ca/hangman-nis-board-game-1999.html?source=bgg,19.95,CAD,1,1
145928,https://www.usedgames.ca/empire-engine-sealed-board-game-2014.html?source=bgg,24.95,CAD,1,1
145928,https://www.usedgames.ca/empire-engine-sealed-board-game-2014.html?source=bgg,9.95,CAD,1,1
1903,https://www.usedgames.ca/robert-ludlums-game-of-counter-espionage-used-boar.html?source=bgg,19.95,CAD,1,1
66190,https://www.usedgames.ca/new-york-used-board-game-2011.html?source=bgg,23.95,CAD,1,1
431,https://www.usedgames.ca/new-york-card-game-used-2011-63084578.html?source=bgg,12.95,CAD,1,1
19028,https://www.usedgames.ca/secret-tijuana-deathmatch-2005.html?source=bgg,12.95,CAD,1,1
8935,https://www.usedgames.ca/shazamm-used-board-game-2003.html?source=bgg,9.95,CAD,1,1
304,https://www.usedgames.ca/evergreen-used-board-game1999.html?source=bgg,9.95,CAD,1,1
5478,https://www.usedgames.ca/jungle-smart-used-board-game-2004.html?source=bgg,19.95,CAD,1,1
670,https://www.usedgames.ca/starship-troopers-used-board-game-1976-purple-cove.html?source=bgg,17.95,CAD,1,1
12633,https://www.usedgames.ca/mall-world-used-board-game-2004.html?source=bgg,14.95,CAD,1,1
48,https://www.usedgames.ca/krieg-und-frieden-used-board-game1999-german-editi.html?source=bgg,9.95,CAD,1,1
21409,https://www.usedgames.ca/eyewitness-news-game-used-board-game-1980.html?source=bgg,17.95,CAD,1,1
58153,https://www.usedgames.ca/scrabble-tim-burtons-the-nightmare-before-christma.html?source=bgg,34.95,CAD,1,1
161109,https://www.usedgames.ca/speakeasy-used-board-game-2014.html?source=bgg,19.95,CAD,1,1
131682,https://www.usedgames.ca/city-of-gears-nis-2012-founders-edition.html?source=bgg,44.95,CAD,1,1
20014,https://www.usedgames.ca/vino-the-exciting-game-of-wine-used-board-game-199.html?source=bgg,9.95,CAD,1,1
38522,https://www.usedgames.ca/sechsstaedtebund-treues-gefolge-nis-2008-german-ed.html?source=bgg,14.95,CAD,1,1
121787,https://www.usedgames.ca/ryu-used-board-game-2015.html?source=bgg,14.95,CAD,1,1
29581,https://www.usedgames.ca/tomb-nis-2008.html?source=bgg,99.95,CAD,1,1
126996,https://www.usedgames.ca/kings-forge-used-board-game-2014.html?source=bgg,39.95,CAD,1,1
178570,https://www.usedgames.ca/unusual-suspects-used-board-game2015.html?source=bgg,59.95,CAD,1,1
109779,https://www.usedgames.ca/garden-dice-used-board-game-2012-garden-dice-the-c.html?source=bgg,49.95,CAD,1,1
24827,https://www.usedgames.ca/traders-of-osaka-nis-2015.html?source=bgg,24.95,CAD,1,1
175961,https://www.usedgames.ca/three-cheers-for-master-used-board-game-2015.html?source=bgg,14.95,CAD,1,1
98229,https://www.usedgames.ca/pictomania-used-board-game-2014-1st-edition.html?source=bgg,14.95,CAD,1,1
142079,https://www.usedgames.ca/space-cadets-dice-duel-used-board-game-2013.html?source=bgg,24.95,CAD,1,1
27608,https://www.usedgames.ca/hit-or-miss-used-board-game-2006.html?source=bgg,9.95,CAD,1,1
27385,https://www.usedgames.ca/alchemist-used-board-game2007.html?source=bgg,19.95,CAD,1,1
30878,https://www.usedgames.ca/power-weakness-nis-2007.html?source=bgg,99.95,CAD,1,1
41186,https://www.usedgames.ca/monopoly-city-used-copy-of-2009.html?source=bgg,12.95,CAD,1,1
20312,https://www.usedgames.ca/lighthouse-opoly-nis-2014-est.html?source=bgg,22.95,CAD,1,1
4618,https://www.usedgames.ca/networking-nis-1993.html?source=bgg,9.95,CAD,1,1
66888,https://www.usedgames.ca/dizios-nis-2009.html?source=bgg,49.95,CAD,1,1
105308,https://www.usedgames.ca/twisted-hoopla.html?source=bgg,14.95,CAD,1,1
91984,https://www.usedgames.ca/quebec-used-board-game-2011.html?source=bgg,44.95,CAD,1,1
4497,https://www.usedgames.ca/monster-mash-i-used-board-game-2002.html?source=bgg,19.95,CAD,1,1
66088,https://www.usedgames.ca/qbitz-used-board-game-2009.html?source=bgg,9.95,CAD,1,1
101013,https://www.usedgames.ca/ninja-legend-of-the-scorpion-clan-nis-2011.html?source=bgg,34.95,CAD,1,1
2750,https://www.usedgames.ca/imaginiff-used-board-game-1998.html?source=bgg,9.95,CAD,1,1
106283,https://www.usedgames.ca/tile-twist-nis-2011.html?source=bgg,24.95,CAD,1,1
9878,https://www.usedgames.ca/copy-of-cheers-used-board-game-1992.html?source=bgg,8.95,CAD,1,1
5503,https://www.usedgames.ca/timetripper-1980.html?source=bgg,64.95,CAD,1,1
4814,https://www.usedgames.ca/rubout-used-board-game-1989.html?source=bgg,34.95,CAD,1,1
9373,https://www.usedgames.ca/captivation-nis-2002.html?source=bgg,19.95,CAD,1,1
274,https://www.usedgames.ca/guerilla-nis-1994.html?source=bgg,39.95,CAD,1,1
1970,https://www.usedgames.ca/oh-wah-ree-used-board-game-1962.html?source=bgg,19.95,CAD,1,1
336,https://www.usedgames.ca/jumpin-1964-63158023.html?source=bgg,14.95,CAD,1,1
1248,https://www.usedgames.ca/hacker-ii-the-dark-side-nis-1993.html?source=bgg,49.95,CAD,1,1
4515,https://www.usedgames.ca/boundary-used-board-game-1970.html?source=bgg,14.95,CAD,1,1
28636,https://www.usedgames.ca/marenko-the-phrase-game-used-board-game-1985.html?source=bgg,19.95,CAD,1,1
8009,https://www.usedgames.ca/where-in-the-world-is-carmen-sandiego-used-board-g.html?source=bgg,12.95,CAD,1,1
3173,https://www.usedgames.ca/the-world-of-wall-street-1969.html?source=bgg,19.95,CAD,1,1
7360,https://www.usedgames.ca/the-mating-game-board-game-1969.html?source=bgg,14.95,CAD,1,1
7356,https://www.usedgames.ca/vegas-used-board-game-1969.html?source=bgg,49.95,CAD,1,1
7117,https://www.usedgames.ca/interpretation-of-dreams-1969.html?source=bgg,29.95,CAD,1,1
847,https://www.usedgames.ca/feudal-used-board-game-1976.html?source=bgg,16.95,CAD,1,1
2502,https://www.usedgames.ca/global-survival-nis-1995.html?source=bgg,49.95,CAD,1,1
21946,https://www.usedgames.ca/high-5-1992.html?source=bgg,9.95,CAD,1,1
24396,https://www.usedgames.ca/war-on-terror-the-boardgame-used-2006.html?source=bgg,79.95,CAD,1,1
5509,https://www.usedgames.ca/diangle-nis-board-game-1999.html?source=bgg,24.95,CAD,1,1
860,https://www.usedgames.ca/scotland-the-brave-used-board-game-1998-unpunched.html?source=bgg,9.95,CAD,1,1
589,https://www.usedgames.ca/wiz-war-used-board-game-1993.html?source=bgg,49.95,CAD,1,1
1294,https://www.usedgames.ca/copy-of-clue-1996.html?source=bgg,9.95,CAD,1,1
1193,https://www.usedgames.ca/the-bottom-line-used-board-game-1985.html?source=bgg,16.95,CAD,1,1
33156,https://www.usedgames.ca/magnet-used-board-game-2008.html?source=bgg,16.95,CAD,1,1
7887,https://www.usedgames.ca/space-future-nis-board-game-1979-est-63278760.html?source=bgg,0.00,CAD,1,1
7887,https://www.usedgames.ca/space-future-nis-board-game-1979-est-63278760.html?source=bgg,24.95,CAD,1,1
7316,https://www.usedgames.ca/press-check-bingo-abbreviations-contractions-used.html?source=bgg,9.95,CAD,1,1
250,https://www.usedgames.ca/colonial-diplomacy-nis-board-game-1994.html?source=bgg,84.95,CAD,1,1
5496,https://www.usedgames.ca/riddles-riches-used-board-game-1996.html?source=bgg,19.95,CAD,1,1
11738,https://www.usedgames.ca/four-letter-words-used-board-game-1975.html?source=bgg,19.95,CAD,1,1
20256,https://www.usedgames.ca/common-knowledge-used-board-game-1983.html?source=bgg,9.95,CAD,1,1
1920,https://www.usedgames.ca/the-business-game-1965.html?source=bgg,26.95,CAD,1,1
4325,https://www.usedgames.ca/conflict-used-board-game-1965.html?source=bgg,19.95,CAD,1,1
18221,https://www.usedgames.ca/mega-golf-nis-board-game-1996.html?source=bgg,44.95,CAD,1,1
9510,https://www.usedgames.ca/free-choice-nis-board-game-1983.html?source=bgg,54.95,CAD,1,1
5037,https://www.usedgames.ca/the-wine-game-used-board-game-1972.html?source=bgg,9.95,CAD,1,1
15089,https://www.usedgames.ca/oil-the-slickest-game-in-town-used-board-game-1980.html?source=bgg,19.95,CAD,1,1
5314,https://www.usedgames.ca/hangman-used-board-game-1976.html?source=bgg,12.95,CAD,1,1
1435,https://www.usedgames.ca/4000-ad-used-board-game-1972.html?source=bgg,11.95,CAD,1,1
984,https://www.usedgames.ca/name-burst-used-board-game-1992.html?source=bgg,14.95,CAD,1,1
786,https://www.usedgames.ca/maxi-boure-used-board-game-1987-missing-rule-book.html?source=bgg,24.95,CAD,1,1
786,https://www.usedgames.ca/maxi-boure-used-board-game-1987-missing-rule-book.html?source=bgg,8.99,CAD,1,1
4081,https://www.usedgames.ca/nick-at-nite-classic-tv-trivia-game-1996-used-boar.html?source=bgg,9.95,CAD,1,1
5144,https://www.usedgames.ca/en-garde-used-board-game-1986-64963601.html?source=bgg,12.95,CAD,1,1
18620,https://www.usedgames.ca/debate-this-2005.html?source=bgg,24.95,CAD,1,1
1553,https://www.usedgames.ca/judge-n-jury-nis-board-game-1995.html?source=bgg,9.95,CAD,1,1
101785,https://www.usedgames.ca/d-day-dice-2012.html?source=bgg,64.95,CAD,1,1
102260,https://www.usedgames.ca/d-day-dice-operation-neptune-nis-2012.html?source=bgg,54.95,CAD,1,1
102264,https://www.usedgames.ca/d-day-dice-normandy-nis-board-game-2012.html?source=bgg,44.95,CAD,1,1
66722,https://www.usedgames.ca/pro-football-hall-of-fame-trivia-game-1996.html?source=bgg,14.95,CAD,1,1
1855,https://www.usedgames.ca/hedbanz-80s-edition-the-quick-question-game-of-wha.html?source=bgg,24.95,CAD,1,1
13172,https://www.usedgames.ca/kung-fu-fighting-nis-board-game-2004.html?source=bgg,19.95,CAD,1,1
8098,https://www.usedgames.ca/jungle-speed-nis-board-game-2006-french-edition.html?source=bgg,9.95,CAD,1,1
24203,https://www.usedgames.ca/mongolian-goat-rodeo-nis-card-game-2006.html?source=bgg,12.95,CAD,1,1
99081,https://www.usedgames.ca/bears-nis-board-game-2011.html?source=bgg,11.95,CAD,1,1
6339,https://www.usedgames.ca/dying-lights-unopen-card-game-2003.html?source=bgg,14.95,CAD,1,1
102,https://www.usedgames.ca/klunker-used-card-game-1999.html?source=bgg,13.95,CAD,1,1
661,https://www.usedgames.ca/wheres-bobs-hat-nis-card-game-1990.html?source=bgg,12.95,CAD,1,1
7851,https://www.usedgames.ca/counting-zzzzs-nis-card-game-2003.html?source=bgg,10.95,CAD,1,1
54307,https://www.usedgames.ca/chronicle-nis-card-game-2009.html?source=bgg,13.95,CAD,1,1
7606,https://www.usedgames.ca/realm-lord-nis-card-game-2003.html?source=bgg,34.95,CAD,1,1
164,https://www.usedgames.ca/james-ernests-totally-renamed-spy-game-nis-card-ga.html?source=bgg,12.95,CAD,1,1
113311,https://www.usedgames.ca/ghost-pirates-nis-card-game-2012.html?source=bgg,18.95,CAD,1,1
12367,https://www.usedgames.ca/weapons-of-mass-destruction-nis-card-game-2004.html?source=bgg,195.95,CAD,1,1
15261,https://www.usedgames.ca/trump-tricks-game-nis-card-game-2005.html?source=bgg,12.95,CAD,1,1
55706,https://www.usedgames.ca/ren-faire-nis-card-game-2009.html?source=bgg,19.95,CAD,1,1
228,https://www.usedgames.ca/lunch-money-nis-card-game-1996.html?source=bgg,14.95,CAD,1,1
9665,https://www.usedgames.ca/lunch-money-sticks-and-stones-nis-card-game-2004.html?source=bgg,11.95,CAD,1,1
9787,https://www.usedgames.ca/beer-money-nis-card-game-2004.html?source=bgg,19.95,CAD,1,1
7989,https://www.usedgames.ca/spooks-nis-card-game-2003.html?source=bgg,22.95,CAD,1,1
24131,https://www.usedgames.ca/its-good-to-be-the-king-nis-card-game-2006.html?source=bgg,14.95,CAD,1,1
486,https://www.usedgames.ca/barnyard-buddies-critters-nis-card-game-1996-est.html?source=bgg,19.95,CAD,1,1
4326,https://www.usedgames.ca/virus-co-nis-card-game-2002-german-edition.html?source=bgg,19.95,CAD,1,1
15156,https://www.usedgames.ca/coloretto-amazonas-nis-card-game-2005.html?source=bgg,19.95,CAD,1,1
99992,https://www.usedgames.ca/kill-shot-the-counter-terrorism-party-game-nis-car.html?source=bgg,18.95,CAD,1,1
71836,https://www.usedgames.ca/onirim-3-mini-expansions-used-card-game-2010-1st-e.html?source=bgg,14.95,CAD,1,1
93001,https://www.usedgames.ca/icedice-nis-dice-game-2011.html?source=bgg,34.95,CAD,1,1
20195,https://www.usedgames.ca/six-used-board-game-2008.html?source=bgg,9.95,CAD,1,1
590,https://www.usedgames.ca/mille-bornes-used-card-game-1971.html?source=bgg,9.95,CAD,1,1
11845,https://www.usedgames.ca/queries-n-theories-used-board-game-1970.html?source=bgg,24.95,CAD,1,1
7548,https://www.usedgames.ca/hoo-dee-nee-used-board-game-1983.html?source=bgg,13.95,CAD,1,1
11829,https://www.usedgames.ca/word-nerd-used-board-game-1979.html?source=bgg,8.45,CAD,1,1
6803,https://www.usedgames.ca/pacru-used-board-game-2004-incomplete-missing-3-ma.html?source=bgg,9.95,CAD,1,1
2297,https://www.usedgames.ca/us-patent-no-1-2001-nis.html?source=bgg,29.95,CAD,1,1
22038,https://www.usedgames.ca/warrior-knights.html?source=bgg,36.95,CAD,1,1
87200,https://www.usedgames.ca/dragon-valley-used-board-game-2011-unpunched.html?source=bgg,19.95,CAD,1,1
155703,https://www.usedgames.ca/evolution-used-board-game-2014.html?source=bgg,34.95,CAD,1,1
4098,https://www.usedgames.ca/age-of-steam-warfrog-english-german-edition-nis-20.html?source=bgg,164.95,CAD,1,1
8639,https://www.usedgames.ca/ready-steady-cook-nis-board-game-2004.html?source=bgg,19.95,CAD,1,1
150930,https://www.usedgames.ca/mad-city-used-board-game-2014-unpunched.html?source=bgg,19.95,CAD,1,1
144529,https://www.usedgames.ca/theseus-the-dark-orbit-used-board-game-2013-unpunc.html?source=bgg,29.95,CAD,1,1
176606,https://www.usedgames.ca/rattle-battle-grab-the-loot-used-board-game-2015.html?source=bgg,14.95,CAD,1,1
9000,https://www.usedgames.ca/bull-market-used-board-game-2002.html?source=bgg,19.95,CAD,1,1
85286,https://www.usedgames.ca/skyscrapers-used-board-game-2010.html?source=bgg,14.95,CAD,1,1
333,https://www.usedgames.ca/waterworks-used-board-game-1972.html?source=bgg,14.95,CAD,1,1
4067,https://www.usedgames.ca/railroad-dynasty-used-board-game-1997.html?source=bgg,24.95,CAD,1,1
2253,https://www.usedgames.ca/touring-used-board-games-1965.html?source=bgg,14.95,CAD,1,1
2253,https://www.usedgames.ca/copy-of-touring-used-board-games-1965.html?source=bgg,18.95,CAD,1,1
2253,https://www.usedgames.ca/copy-of-touring-used-board-games-1965-r.html?source=bgg,9.95,CAD,1,1
16539,https://www.usedgames.ca/word-wheel-used-board-game-1974.html?source=bgg,9.95,CAD,1,1
8784,https://www.usedgames.ca/poker-keeno-collectors-used-card-game-2003.html?source=bgg,14.95,CAD,1,1
140,https://www.usedgames.ca/copy-of-pit-used-card-game-1919.html?source=bgg,7.95,CAD,1,1
12847,https://www.usedgames.ca/stops-canadian-edition-used-board-game-1999.html?source=bgg,39.95,CAD,1,1
3623,https://www.usedgames.ca/survivor-used-board-game-2000.html?source=bgg,18.95,CAD,1,1
4881,https://www.usedgames.ca/copy-of-personal-preference-used-board-game-1987.html?source=bgg,14.95,CAD,1,1
4881,https://www.usedgames.ca/copy-of-personal-preference-used-board-game-1987-d.html?source=bgg,15.95,CAD,1,1
4574,https://www.usedgames.ca/copy-of-slang-teasers-2nd-edition-1984.html?source=bgg,24.95,CAD,1,1
4574,https://www.usedgames.ca/copy-of-slang-teasers-used-board-game-1985-a.html?source=bgg,19.95,CAD,1,1
4574,https://www.usedgames.ca/copy-of-slang-teasers-used-board-game-1985-a.html?source=bgg,18.95,CAD,1,1
1945,https://www.usedgames.ca/ultimatum-1985.html?source=bgg,49.95,CAD,1,1
157427,https://www.usedgames.ca/smash-up-the-big-geeky-box-2014-smash-up-munchkin.html?source=bgg,199.95,CAD,1,1
1649,https://www.usedgames.ca/kroll-prumni-a-fight-between-galactic-empires-used.html?source=bgg,59.95,CAD,1,1
194879,https://www.usedgames.ca/not-alone-used-board-game-2016.html?source=bgg,24.95,CAD,1,1
128898,https://www.usedgames.ca/new-amsterdam-nis-2012.html?source=bgg,34.95,CAD,1,1
158109,https://www.usedgames.ca/onward-to-venus-used-board-game-2014-unpunched.html?source=bgg,19.95,CAD,1,1
422,https://www.usedgames.ca/1835-used-board-game-1990.html?source=bgg,44.95,CAD,1,1
38287,https://www.usedgames.ca/beep-beep-used-board-game-2008.html?source=bgg,9.95,CAD,1,1
13286,https://www.usedgames.ca/gloria-mundi-nis-board-game-2006-shrink-is-ripped.html?source=bgg,19.95,CAD,1,1
89342,https://www.usedgames.ca/tomorrow-used-board-game-2013.html?source=bgg,69.95,CAD,1,1
65673,https://www.usedgames.ca/intrigo-board-game-2010-unpunched.html?source=bgg,9.95,CAD,1,1
5144,https://www.usedgames.ca/en-garde-used-board-game-1986-64963601.html?source=bgg,39.95,CAD,1,1
171,https://www.usedgames.ca/used-metal-chess-set-board-est-1970.html?source=bgg,39.95,CAD,1,1
69323,https://www.usedgames.ca/bid-used-board-game-1985.html?source=bgg,84.95,CAD,1,1
17392,https://www.usedgames.ca/here-i-stand-unused-board-game-2006-unpunched.html?source=bgg,79.95,CAD,1,1
217,https://www.usedgames.ca/a-la-carte-2006-a-la-carte-dessert-2010-used-board.html?source=bgg,149.95,CAD,1,1
1496,https://www.usedgames.ca/imperium-romanum-ii-unpunched-board-game-1985.html?source=bgg,74.95,CAD,1,1
5821,https://www.usedgames.ca/the-syndicate-board-game-1986.html?source=bgg,34.95,CAD,1,1
5821,https://www.usedgames.ca/copy-of-the-syndicate-used-board-game-1986-o.html?source=bgg,39.95,CAD,1,1
13713,https://www.usedgames.ca/super-hi-q-used-board-game-1980.html?source=bgg,12.95,CAD,1,1
10429,https://www.usedgames.ca/addiction-used-board-game-1978.html?source=bgg,13.95,CAD,1,1
10081,https://www.usedgames.ca/copy-of-axis-allies-d-day-nis-board-game-2004.html?source=bgg,64.95,CAD,1,1
5475,https://www.usedgames.ca/after-the-holocaust-the-nuclear-devastation-of-ame.html?source=bgg,49.95,CAD,1,1
12236,https://www.usedgames.ca/cargoes-used-board-game-1964.html?source=bgg,19.95,CAD,1,1
7092,https://www.usedgames.ca/battles-for-the-ardennes-used-board-game-1978.html?source=bgg,29.95,CAD,1,1
2691,https://www.usedgames.ca/lancer-used-board-game-1973.html?source=bgg,24.95,CAD,1,1
69356,https://www.usedgames.ca/kalua-2012-nis-board-game.html?source=bgg,19.95,CAD,1,1
42132,https://www.usedgames.ca/scary-tales-little-red-vs-pinocchio-2009-nis-board.html?source=bgg,19.95,CAD,1,1
7719,https://www.usedgames.ca/arena-maximus-2003-nis-board-game.html?source=bgg,19.95,CAD,1,1
2680,https://www.usedgames.ca/stock-ticker-est-1970s.html?source=bgg,49.95,CAD,1,1
1115,https://www.usedgames.ca/texas-hold-em-folded-tabletop-with-blackjack-and-c.html?source=bgg,59.95,CAD,1,1
118618,https://www.usedgames.ca/carcassonne-mini-expansion-5-mage-witch-2012-nib.html?source=bgg,34.95,CAD,1,1
7707,https://www.usedgames.ca/carcassonne-mini-king-scout-2003-nib.html?source=bgg,34.95,CAD,1,1
118616,https://www.usedgames.ca/carcassonne-mini-expansion-6-the-robbers-2012-nib.html?source=bgg,29.95,CAD,1,1
118615,https://www.usedgames.ca/carcassonne-mini-expansion-1-the-flier-2012-nib.html?source=bgg,29.95,CAD,1,1
15158,https://www.usedgames.ca/carcassonne-expansion-3-the-princess-the-dragon-ni.html?source=bgg,44.95,CAD,1,1
153773,https://www.usedgames.ca/carcassonne-expansion-9-hills-sheep-nis-2014.html?source=bgg,89.95,CAD,1,1
33458,https://www.usedgames.ca/carcassonne-expansion-6-count-king-robber-nis-2013.html?source=bgg,49.95,CAD,1,1
2060,https://www.usedgames.ca/copy-of-probe-used-board-game-1964-a-66170524.html?source=bgg,11.95,CAD,1,1
2060,https://www.usedgames.ca/copy-of-copy-of-probe-used-board-game-1964-i.html?source=bgg,11.95,CAD,1,1
4040,https://www.usedgames.ca/tri-ominos-nis-board-game-1987.html?source=bgg,16.95,CAD,1,1
4574,https://www.usedgames.ca/copy-of-slang-teasers-used-board-game-1985.html?source=bgg,19.95,CAD,1,1
4574,https://www.usedgames.ca/copy-of-slang-teasers-vol-1-used-board-game-1983.html?source=bgg,24.95,CAD,1,1
4574,https://www.usedgames.ca/copy-of-slang-teasers-vol-1-used-board-game-1983.html?source=bgg,18.95,CAD,1,1
320,https://www.usedgames.ca/scrabble-folio-edition-used-board-game-2001.html?source=bgg,14.95,CAD,1,1
23686,https://www.usedgames.ca/gift-trap-used-board-game-2007.html?source=bgg,18.95,CAD,1,1
1341,https://www.usedgames.ca/crib-wars-used-board-game-1997-black-box.html?source=bgg,34.95,CAD,1,1
1341,https://www.usedgames.ca/copy-of-crib-wars-used-board-game-1997-black-box.html?source=bgg,34.95,CAD,1,1
2582,https://www.usedgames.ca/catch-phrase-used-board-game-2007.html?source=bgg,24.95,CAD,1,1
20100,https://www.usedgames.ca/wits-wager-used-board-game-2009.html?source=bgg,19.95,CAD,1,1
24467,https://www.usedgames.ca/post-office-used-board-games-1968.html?source=bgg,14.95,CAD,1,1
14105,https://www.usedgames.ca/commands-colors-ancients-nis-2nd-edition-white-box.html?source=bgg,179.95,CAD,1,1
39569,https://www.usedgames.ca/global-ody-see-used-board-game-2008.html?source=bgg,39.95,CAD,1,1
5641,https://www.usedgames.ca/nightmare-used-board-game-1991.html?source=bgg,74.95,CAD,1,1
1659,https://www.usedgames.ca/beat-detroit-used-board-game-1972.html?source=bgg,19.95,CAD,1,1
2356,https://www.usedgames.ca/scrabble-sentence-cube-game-used-board-game-1983.html?source=bgg,19.95,CAD,1,1
1665,https://www.usedgames.ca/airport-used-board-game-1972.html?source=bgg,24.95,CAD,1,1
6193,https://www.usedgames.ca/diet-the-cheating-mans-game-used-board-game-1972.html?source=bgg,24.95,CAD,1,1
2294,https://www.usedgames.ca/flinch-used-card-game-1963.html?source=bgg,24.95,CAD,1,1
7263,https://www.usedgames.ca/pounce-used-card-game-1973-est.html?source=bgg,14.95,CAD,1,1
100421,https://www.usedgames.ca/snag-used-board-game1968.html?source=bgg,29.95,CAD,1,1
4903,https://www.usedgames.ca/columbo-detective-game-used-board-game-1973-dice-b.html?source=bgg,38.95,CAD,1,1
31105,https://www.usedgames.ca/archaeology-the-card-game-nis-2007.html?source=bgg,49.95,CAD,1,1
24037,https://www.usedgames.ca/escape-from-atlantis-parts-only-1986.html?source=bgg,24.95,CAD,1,1
30549,https://www.usedgames.ca/pandemic-10th-anniversary-edition-painted-figures.html?source=bgg,74.95,CAD,1,1
1987,https://www.usedgames.ca/emperor-of-china-used-board-game-1972.html?source=bgg,9.95,CAD,1,1
5600,https://www.usedgames.ca/break-the-bank-series-2-used-board-game-est-1960.html?source=bgg,19.95,CAD,1,1
5641,https://www.usedgames.ca/nightmare-used-board-game-1991.html?source=bgg,84.95,CAD,1,1
10900,https://www.usedgames.ca/nightmare-ii-used-board-game-1991-missing-1-card.html?source=bgg,29.95,CAD,1,1
10901,https://www.usedgames.ca/copy-of-nightmare-iii-used-board-game-expansion-19.html?source=bgg,49.95,CAD,1,1
320,https://www.usedgames.ca/copy-of-scrabble-folio-edition-used-board-game-200.html?source=bgg,14.95,CAD,1,1
93039,https://www.usedgames.ca/the-racing-horse-game-board-only-2006.html?source=bgg,29.95,CAD,1,1
93039,https://www.usedgames.ca/the-racing-horse-game-board-only-2006.html?source=bgg,14.95,CAD,1,1
380,https://www.usedgames.ca/copy-of-polarity-used-board-game-2006-a-66704561.html?source=bgg,54.95,CAD,1,1
380,https://www.usedgames.ca/copy-of-polarity-used-board-game-1986-c.html?source=bgg,39.95,CAD,1,1
3234,https://www.usedgames.ca/dschunke-used-board-game-2002.html?source=bgg,24.95,CAD,1,1
3234,https://www.usedgames.ca/copy-of-copy-of-dschunke-used-board-game-2002-germ.html?source=bgg,24.95,CAD,1,1
15600,https://www.usedgames.ca/kreta-used-board-game-2005-german-edition.html?source=bgg,94.95,CAD,1,1
2381,https://www.usedgames.ca/the-game-of-scattergories-used-board-game-2009.html?source=bgg,18.95,CAD,1,1
21656,https://www.usedgames.ca/switch-away-used-board-game-1973.html?source=bgg,24.95,CAD,1,1
438,https://www.usedgames.ca/scotland-yard-used-board-games2000.html?source=bgg,27.95,CAD,1,1
2379,https://www.usedgames.ca/copy-of-guesstures-1991.html?source=bgg,19.95,CAD,1,1
16232,https://www.usedgames.ca/flying-hats-used-board-game-1890-est.html?source=bgg,12.95,CAD,1,1
5195,https://www.usedgames.ca/the-farming-game-20-anniversary-edition-used-board.html?source=bgg,34.95,CAD,1,1
2942,https://www.usedgames.ca/admirals-used-board-game-1972.html?source=bgg,22.95,CAD,1,1
13767,https://www.usedgames.ca/scene-it-007-nis-2004.html?source=bgg,19.95,CAD,1,1
30267,https://www.usedgames.ca/franchise-mania-nis-1999.html?source=bgg,19.95,CAD,1,1
12242,https://www.usedgames.ca/bluffers-beware-used-board-game-1992.html?source=bgg,34.95,CAD,1,1
19748,https://www.usedgames.ca/moneywise-used-board-game-1988.html?source=bgg,24.95,CAD,1,1
793,https://www.usedgames.ca/copy-of-last-chance-used-board-game-1994.html?source=bgg,24.95,CAD,1,1
793,https://www.usedgames.ca/copy-of-last-chance-used-board-game-1994.html?source=bgg,39.95,CAD,1,1
4267,https://www.usedgames.ca/jaunty-jalopies-used-board-game-2002-66764359.html?source=bgg,19.95,CAD,1,1
870,https://www.usedgames.ca/empires-of-the-ancient-world-2000-nis.html?source=bgg,84.95,CAD,1,1
13121,https://www.usedgames.ca/kablamo-used-board-game-2004.html?source=bgg,18.95,CAD,1,1
67165,https://www.usedgames.ca/doodle-pix-used-board-game-2007.html?source=bgg,22.95,CAD,1,1
8975,https://www.usedgames.ca/hawaiian-punch-used-board-game-1978.html?source=bgg,69.95,CAD,1,1
5705,https://www.usedgames.ca/fat-albert-and-the-cosby-kids-used-box-game-1973.html?source=bgg,44.95,CAD,1,1
1099,https://www.usedgames.ca/downfall-used-board-game-1985.html?source=bgg,22.95,CAD,1,1
8309,https://www.usedgames.ca/die-check-used-board-game-1972-wooden-pieces.html?source=bgg,44.95,CAD,1,1
22278,https://www.usedgames.ca/12-thieves-2006-the-thief-of-baghdad-version.html?source=bgg,49.95,CAD,1,1
19999,https://www.usedgames.ca/aton-2005-used.html?source=bgg,19.95,CAD,1,1
40990,https://www.usedgames.ca/word-on-the-street-2009-used.html?source=bgg,19.95,CAD,1,1
714,https://www.usedgames.ca/talisman-revised-4th-edition-2007-this-is-4th-edit.html?source=bgg,140.95,CAD,1,1
32391,https://www.usedgames.ca/battlelore-scottish-wars-2007.html?source=bgg,59.00,CAD,1,1
7866,https://www.usedgames.ca/10-days-in-the-usa-2003-nis.html?source=bgg,43.61,CAD,1,1
6854,https://www.usedgames.ca/cranium-booster-box-1-1999-nis.html?source=bgg,15.95,CAD,1,1
140068,https://www.usedgames.ca/galaxy-trucker-anniversary-edition-2012-used.html?source=bgg,144.95,CAD,1,1
178900,https://www.usedgames.ca/codenames-2015-nis.html?source=bgg,28.95,CAD,1,1
10527,https://www.usedgames.ca/gyges-2011-nis.html?source=bgg,44.95,CAD,1,1
548,https://www.usedgames.ca/buck-rogers-battle-for-the-25th-century-game-1988.html?source=bgg,169.95,CAD,1,1
249833,https://www.usedgames.ca/monopoly-gamer-mario-kart-2018.html?source=bgg,15.95,CAD,1,1
32683,https://www.usedgames.ca/scene-it-harry-potter-second-edition-2007.html?source=bgg,12.45,CAD,1,1
32683,https://www.usedgames.ca/copy-of-scene-it-harry-potter-second-edition-2007.html?source=bgg,12.45,CAD,1,1
5021,https://www.usedgames.ca/the-struggle-of-nations-1982-used-unpunched.html?source=bgg,49.95,CAD,1,1
5195,https://www.usedgames.ca/the-farming-game-1996-used.html?source=bgg,29.95,CAD,1,1
8008,https://www.usedgames.ca/the-construction-game-2002-used.html?source=bgg,234.95,CAD,1,1
5021,https://www.usedgames.ca/the-struggle-of-nations-1982-used-unpunched-685641.html?source=bgg,49.95,CAD,1,1
1501,https://www.usedgames.ca/masterpiece-1970-used.html?source=bgg,34.95,CAD,1,1
1501,https://www.usedgames.ca/copy-of-masterpiece-1970-used.html?source=bgg,39.95,CAD,1,1
